epoch,step,train_loss
0,49,0.9835208654403687
1,99,0.9745675325393677
1,149,1.0025370121002197
2,199,0.9559534788131714
2,249,0.964677095413208
3,299,0.9760517477989197
3,349,0.9228794574737549
4,399,0.994487464427948
4,449,0.9857114553451538
5,499,0.9359423518180847
5,549,0.9049013257026672
6,599,0.8899415135383606
6,649,0.9105374813079834
7,699,0.9685186743736267
7,749,0.8947696685791016
8,799,0.9092950820922852
8,849,0.9152648448944092
9,899,0.8651999831199646
