epoch,step,train_loss
0,49,6.918867111206055
1,99,5.90511417388916
1,149,5.49656867980957
2,199,6.540351390838623
2,249,5.550755977630615
3,299,4.891095161437988
3,349,4.763890743255615
4,399,4.790093421936035
4,449,4.7887678146362305
5,499,15.401814460754395
5,549,9.947404861450195
6,599,4.912406921386719
6,649,12.360527992248535
7,699,8.15795612335205
7,749,6.853303909301758
8,799,6.227900505065918
8,849,nan
9,899,nan
9,949,nan
