epoch,step,train_loss
0,49,-0.49416089057922363
1,99,-2.4568047523498535
1,149,-2.12913179397583
2,199,-3.3273093700408936
2,249,-1.2305731773376465
3,299,-2.9364776611328125
