epoch,step,train_loss
0,49,6.356006145477295
1,99,4.9627180099487305
1,149,4.639520645141602
